Energy,Transmission,DOS
-1.000000000000000000e+01,1.702558436317427439e-20,2.027914624485447496e-06
-9.979979979979979987e+00,1.848695196390364466e-20,2.049922917949958960e-06
-9.959959959959959974e+00,2.008272658096744128e-20,2.072395082301392960e-06
-9.939939939939939961e+00,2.182612745547671535e-20,2.095346202250589793e-06
-9.919919919919919948e+00,2.373176163503249087e-20,2.118792025298505551e-06
-9.899899899899899935e+00,2.581577924292884691e-20,2.142748998248105597e-06
-9.879879879879879923e+00,2.809604723317082301e-20,2.167234306128363093e-06
-9.859859859859859910e+00,3.059234397018416666e-20,2.192265913716062251e-06
-9.839839839839839897e+00,3.332657728618555653e-20,2.217862609857438505e-06
-9.819819819819819884e+00,3.632302902799322246e-20,2.244044054809634283e-06
-9.799799799799799871e+00,3.960862951533066228e-20,2.270830830841712051e-06
-9.779779779779779858e+00,4.321326580223282594e-20,2.298244496356688031e-06
-9.759759759759759845e+00,4.717012817106916987e-20,2.326307643820009159e-06
-9.739739739739739832e+00,5.151609990552203159e-20,2.355043961806366491e-06
-9.719719719719719819e+00,5.629219609683275273e-20,2.384478301505854593e-06
-9.699699699699699806e+00,6.154405805109596112e-20,2.414636748062850305e-06
-9.679679679679679793e+00,6.732251080094317504e-20,2.445546697156586336e-06
-9.659659659659659781e+00,7.368419230212747654e-20,2.477236937272021904e-06
-9.639639639639639768e+00,8.069226413698964643e-20,2.509737738153444015e-06
-9.619619619619619755e+00,8.841721497918490990e-20,2.543080945981882782e-06
-9.599599599599599742e+00,9.693776972855523845e-20,2.577300085871589776e-06
-9.579579579579579729e+00,1.063419191382200972e-19,2.612430472341006325e-06
-9.559559559559559716e+00,1.167280869707885679e-19,2.648509328480661222e-06
-9.539539539539539703e+00,1.282064542876598074e-19,2.685575914615319718e-06
-9.519519519519519690e+00,1.409004634541474803e-19,2.723671667341130339e-06
-9.499499499499499677e+00,1.549485279039621980e-19,2.762840349911930684e-06
-9.479479479479479664e+00,1.705059777322906953e-19,2.803128215053374370e-06
-9.459459459459459651e+00,1.877472758755273907e-19,2.844584181400691422e-06
-9.439439439439439639e+00,2.068685451039111190e-19,2.887260024887457716e-06
-9.419419419419419626e+00,2.280904524387527660e-19,2.931210586560400871e-06
-9.399399399399399613e+00,2.516615050727312391e-19,2.976493998461768737e-06
-9.379379379379379600e+00,2.778618206147957924e-19,3.023171929408210424e-06
-9.359359359359359587e+00,3.070074447332725937e-19,3.071309852706714618e-06
-9.339339339339339574e+00,3.394553013095497931e-19,3.120977338087468874e-06
-9.319319319319319561e+00,3.756088743724774714e-19,3.172248370404360198e-06
-9.299299299299299548e+00,4.159247377583122114e-19,3.225201697960984465e-06
-9.279279279279279535e+00,4.609200681107597244e-19,3.279921213668973821e-06
-9.259259259259259522e+00,5.111813000747628127e-19,3.336496372642406007e-06
-9.239239239239239510e+00,5.673741100386372882e-19,3.395022650284395018e-06
-9.219219219219219497e+00,6.302549473776407183e-19,3.455602045438543374e-06
-9.199199199199199484e+00,7.006843708586661744e-19,3.518343633768545645e-06
-9.179179179179179471e+00,7.796424939056216908e-19,3.583364177206079554e-06
-9.159159159159159458e+00,8.682468972856121261e-19,3.650788796084145381e-06
-9.139139139139139445e+00,9.677734332679707177e-19,3.720751711466694271e-06
-9.119119119119119432e+00,1.079680423639484459e-18,3.793397066215426437e-06
-9.099099099099099419e+00,1.205636847829457848e-18,3.868879834524164143e-06
-9.079079079079079406e+00,1.347555230115110501e-18,3.947366831028047969e-06
-9.059059059059059393e+00,1.507630070503717872e-18,4.029037832191612301e-06
-9.039039039039039380e+00,1.688382827424309455e-18,4.114086824536149603e-06
-9.019019019019019368e+00,1.892714657983104461e-18,4.202723396429772837e-06
-8.998998998998999355e+00,2.123968360883488422e-18,4.295174292689919663e-06
-8.978978978978979342e+00,2.386001257664338768e-18,4.391685154205914514e-06
-8.958958958958959329e+00,2.683271101468336054e-18,4.492522468261349848e-06
-8.938938938938939316e+00,3.020937533837626959e-18,4.597975759322515958e-06
-8.918918918918919303e+00,3.404982137474246369e-18,4.708360054881418925e-06
-8.898898898898899290e+00,3.842350779633802025e-18,4.824018666649009825e-06
-8.878878878878879277e+00,4.341122735978019773e-18,4.945326334167672636e-06
-8.858858858858859264e+00,4.910712065112629104e-18,5.072692785975339937e-06
-8.838838838838839251e+00,5.562107916357931593e-18,5.206566783082382999e-06
-8.818818818818819238e+00,6.308161956930657585e-18,5.347440721057437780e-06
-8.798798798798799226e+00,7.163932975494809568e-18,5.495855880883807958e-06
-8.778778778778779213e+00,8.147101054175173523e-18,5.652408435471510713e-06
-8.758758758758759200e+00,9.278466625718625986e-18,5.817756338954846928e-06
-8.738738738738739187e+00,1.058255340817152602e-17,5.992627250503131196e-06
-8.718718718718719174e+00,1.208833884596914439e-17,6.177827674376550797e-06
-8.698698698698699161e+00,1.383014155708935126e-17,6.374253534706117483e-06
-8.678678678678679148e+00,1.584870274888266411e-17,6.582902448671776422e-06
-8.658658658658659135e+00,1.819250809135637445e-17,6.804888017582785669e-06
-8.638638638638639122e+00,2.091940874888736537e-17,7.041456524648879429e-06
-8.618618618618619109e+00,2.409861599751293464e-17,7.294006514624625473e-06
-8.598598598598599096e+00,2.781316420174480851e-17,7.564111838777548384e-06
-8.578578578578579084e+00,3.216296338000152891e-17,7.853548885024605933e-06
-8.558558558558559071e+00,3.726859716337181979e-17,8.164328885853314944e-06
-8.538538538538539058e+00,4.327606738708984877e-17,8.498736416756632941e-06
-8.518518518518519045e+00,5.036274660013366202e-17,8.859375480039080651e-06
-8.498498498498499032e+00,5.874487961291669263e-17,9.249224932768478812e-06
-8.478478478478479019e+00,6.868708202233565799e-17,9.671705490215693008e-06
-8.458458458458459006e+00,8.051442753789345603e-17,1.013076115412243519e-05
-8.438438438438438993e+00,9.462791111952542886e-17,1.063095872935570392e-05
-8.418418418418418980e+00,1.115243417108728472e-16,1.117761017372379970e-05
-8.398398398398398967e+00,1.318220858765240195e-16,1.177692397351065868e-05
-8.378378378378378954e+00,1.562945942763527294e-16,1.243619369312342576e-05
-8.358358358358358942e+00,1.859143587666139301e-16,1.316403451437532213e-05
-8.338338338338338929e+00,2.219109611795257949e-16,1.397068225459466723e-05
-8.318318318318318916e+00,2.658483238680397983e-16,1.486837446714903676e-05
-8.298298298298298903e+00,3.197283672655390698e-16,1.587184042990402242e-05
-8.278278278278278890e+00,3.861313451660454874e-16,1.699893709363300951e-05
-8.258258258258258877e+00,4.684076710645138318e-16,1.827148289140276605e-05
-8.238238238238238864e+00,5.709428738656499075e-16,1.971636303520026196e-05
-8.218218218218218851e+00,6.995277294278327403e-16,2.136701224669969442e-05
-8.198198198198198838e+00,8.618817465592324847e-16,2.326542975936976557e-05
-8.178178178178178825e+00,1.068403636640664926e-15,2.546495673586392575e-05
-8.158158158158158813e+00,1.333263333570169972e-15,2.803416456091762320e-05
-8.138138138138138800e+00,1.676017398464741035e-15,3.106239244413260578e-05
-8.118118118118118787e+00,2.124042812549840611e-15,3.466778519892593091e-05
-8.098098098098098774e+00,2.716279604471611603e-15,3.900920973074774154e-05
-8.078078078078078761e+00,3.509120310828432197e-15,4.430434676267373204e-05
-8.058058058058058748e+00,4.585923000817536424e-15,5.085790545287202001e-05
-8.038038038038038735e+00,6.072843092355409019e-15,5.910699233558113820e-05
-8.018018018018018722e+00,8.166105032914657032e-15,6.969667867267500248e-05
-7.997997997997997821e+00,1.118090847678730397e-14,8.361112992853439896e-05
-7.977977977977977808e+00,1.564340438457407994e-14,1.024124089089236431e-04
-7.957957957957957795e+00,2.247384405621240113e-14,1.287012641989915144e-04
-7.937937937937937782e+00,3.337771883779909007e-14,1.670713462582759309e-04
-7.917917917917917769e+00,5.175779936706833604e-14,2.262679685678393158e-04
-7.897897897897897757e+00,8.509728010342616072e-14,3.246637076865737759e-04
-7.877877877877877744e+00,1.522259133875074811e-13,5.064695566029487955e-04
-7.857857857857857731e+00,3.110207447387296796e-13,9.017455205035642069e-04
-7.837837837837837718e+00,8.100509127702617653e-13,2.045160515185841764e-03
-7.817817817817817705e+00,3.841134348120591020e-12,8.439037569097685570e-03
-7.797797797797797692e+00,4.020653993028421502e-09,7.681631099769547610e+00
-7.777777777777777679e+00,4.471157735554682044e-12,7.423551010234473446e-03
-7.757757757757757666e+00,1.330743421805442611e-12,1.918839271806835377e-03
-7.737737737737737653e+00,6.910824905907843319e-13,8.648670326851578150e-04
-7.717717717717717640e+00,4.528220079592321986e-13,4.915282980667069236e-04
-7.697697697697697627e+00,3.376307894714925445e-13,3.176823500359523297e-04
-7.677677677677677615e+00,2.735087384546215498e-13,2.229363693339626591e-04
-7.657657657657657602e+00,2.348368282428995649e-13,1.657146690779075725e-04
-7.637637637637637589e+00,2.105778413612710831e-13,1.285623072252411851e-04
-7.617617617617617576e+00,1.953369362045471394e-13,1.031108373315196256e-04
-7.597597597597597563e+00,1.862426206802941364e-13,8.494118472785914739e-05
-7.577577577577577550e+00,1.816833605208399881e-13,7.154136939980584051e-05
-7.557557557557557537e+00,1.807373101322553832e-13,6.139804409698380644e-05
-7.537537537537537524e+00,1.828939097065132052e-13,5.355561116850408881e-05
-7.517517517517517511e+00,1.879109280598376251e-13,4.738681844450417564e-05
-7.497497497497497498e+00,1.957400582215749069e-13,4.246637994780860380e-05
-7.477477477477477485e+00,2.064904689940416356e-13,3.849795423719558883e-05
-7.457457457457457473e+00,2.204158144160349599e-13,3.527021469320467420e-05
-7.437437437437437460e+00,2.379180240544838710e-13,3.262949278968755093e-05
-7.417417417417417447e+00,2.595654661364289316e-13,3.046222832606581865e-05
-7.397397397397397434e+00,2.861258550426987400e-13,2.868342024602108737e-05
-7.377377377377377421e+00,3.186165918670642572e-13,2.722886092913122608e-05
-7.357357357357357408e+00,3.583777247316050672e-13,2.604982315615436133e-05
-7.337337337337337395e+00,4.071759616902855802e-13,2.510938042531600102e-05
-7.317317317317317382e+00,4.673528589386959094e-13,2.437984609703171943e-05
-7.297297297297297369e+00,5.420374803593103954e-13,2.384100450931849735e-05
-7.277277277277277356e+00,6.354551886265929828e-13,2.347892723855578122e-05
-7.257257257257257343e+00,7.533827272398153932e-13,2.328524865486364829e-05
-7.237237237237237331e+00,9.038306380169066606e-13,2.325683441965448485e-05
-7.217217217217217318e+00,1.098086987912874699e-12,2.339582675019940717e-05
-7.197197197197197305e+00,1.352349691962801983e-12,2.371010150843224279e-05
-7.177177177177177292e+00,1.690344475144079276e-12,2.421423631697716198e-05
-7.157157157157157279e+00,2.147645432628471076e-12,2.493118367946900641e-05
-7.137137137137137266e+00,2.779042722292348462e-12,2.589499998829716097e-05
-7.117117117117117253e+00,3.671591059020269991e-12,2.715526249600199241e-05
-7.097097097097097240e+00,4.968766454142739028e-12,2.878434395114501854e-05
-7.077077077077077227e+00,6.917608010680628066e-12,3.088980996709458362e-05
-7.057057057057057214e+00,9.966782486861285593e-12,3.363659945588579677e-05
-7.037037037037037202e+00,1.498740499998614411e-11,3.728934733125203847e-05
-7.017017017017017189e+00,2.382337067591255761e-11,4.230027448922388331e-05
-6.996996996996997176e+00,4.086181788930691431e-11,4.951377010372141863e-05
-6.976976976976977163e+00,7.846507941038942522e-11,6.072640849420162760e-05
-6.956956956956957150e+00,1.823880107325167753e-10,8.066034801510988414e-05
-6.936936936936937137e+00,6.451802215788921478e-10,1.281504471824253645e-04
-6.916916916916917124e+00,6.291491303351483713e-08,9.286064797449342144e-04
-6.896896896896897111e+00,4.550448920934838798e-02,7.201782233139698564e-01
-6.876876876876877098e+00,8.999010946172927849e-02,9.848311015060650098e-01
-6.856856856856857085e+00,1.318892408432721375e-01,1.159364792370193298e+00
-6.836836836836837072e+00,1.713858562025232235e-01,1.285161122585374960e+00
-6.816816816816817060e+00,2.086483889035163908e-01,1.378932572335267670e+00
-6.796796796796797047e+00,2.438309978570618597e-01,1.449652213436771309e+00
-6.776776776776776146e+00,2.770749314246014894e-01,1.502892927682967672e+00
-6.756756756756756133e+00,3.085097832309329213e-01,1.542438739522231206e+00
-6.736736736736736120e+00,3.382546192633786308e-01,1.571017572931280082e+00
-6.716716716716716107e+00,3.664189834679324465e-01,1.590681485047212629e+00
-6.696696696696696094e+00,3.931037941134997160e-01,1.603023417883624457e+00
-6.676676676676676081e+00,4.184021433638160925e-01,1.609309820636990240e+00
-6.656656656656656068e+00,4.424000114594346389e-01,1.610566418596237614e+00
-6.636636636636636055e+00,4.651769056300378291e-01,1.607636210674824317e+00
-6.616616616616616042e+00,4.868064326160518873e-01,1.601220152566857458e+00
-6.596596596596596029e+00,5.073568125524916539e-01,1.591906583074867321e+00
-6.576576576576576016e+00,5.268913409809627968e-01,1.580193068570802106e+00
-6.556556556556556004e+00,5.454688048936463529e-01,1.566502984039554125e+00
-6.536536536536535991e+00,5.631438579685711376e-01,1.551198343330965512e+00
-6.516516516516515978e+00,5.799673595110995672e-01,1.534589894729480042e+00
-6.496496496496495965e+00,5.959866810579352858e-01,1.516945182120363667e+00
-6.476476476476475952e+00,6.112459841190961418e-01,1.498495065432601914e+00
-6.456456456456455939e+00,6.257864721133755692e-01,1.479439055497333566e+00
-6.436436436436435926e+00,6.396466191899063958e-01,1.459949723470312488e+00
-6.416416416416415913e+00,6.528623783125058200e-01,1.440176378531125012e+00
-6.396396396396395900e+00,6.654673707073762712e-01,1.420248160256700531e+00
-6.376376376376375887e+00,6.774930585345129153e-01,1.400276657815626935e+00
-6.356356356356355874e+00,6.889689024315566179e-01,1.380358142959459133e+00
-6.336336336336335862e+00,6.999225053950794972e-01,1.360575485037816890e+00
-6.316316316316315849e+00,7.103797443008634804e-01,1.340999802116924711e+00
-6.296296296296295836e+00,7.203648902222372641e-01,1.321691891484669146e+00
-6.276276276276275823e+00,7.299007185789034846e-01,1.302703474494857572e+00
-6.256256256256255810e+00,7.390086100371611177e-01,1.284078284212137877e+00
-6.236236236236235797e+00,7.477086429830344105e-01,1.265853019213461605e+00
-6.216216216216215784e+00,7.560196783019319522e-01,1.248058182852020304e+00
-6.196196196196195771e+00,7.639594371195997935e-01,1.230718824050630156e+00
-6.176176176176175758e+00,7.715445720890115044e-01,1.213855193082398864e+00
-6.156156156156155745e+00,7.787907327444731909e-01,1.197483323679668255e+00
-6.136136136136135732e+00,7.857126253874485711e-01,1.181615551084234994e+00
-6.116116116116115720e+00,7.923240679169425427e-01,1.166260974232740111e+00
-6.096096096096095707e+00,7.986380399704019473e-01,1.151425869099548915e+00
-6.076076076076075694e+00,8.046667286979412026e-01,1.137114059247569919e+00
-6.056056056056055681e+00,8.104215704530406406e-01,1.123327248827989733e+00
-6.036036036036035668e+00,8.159132886458245748e-01,1.110065322593222437e+00
-6.016016016016015655e+00,8.211519279702088614e-01,1.097326616920386355e+00
-5.995995995995995642e+00,8.261468851829152360e-01,1.085108165366459376e+00
-5.975975975975975629e+00,8.309069365806257546e-01,1.073405921876838365e+00
-5.955955955955955616e+00,8.354402622898822184e-01,1.062214964433572995e+00
-5.935935935935935603e+00,8.397544674535522002e-01,1.051529681649869152e+00
-5.915915915915915591e+00,8.438566003658247716e-01,1.041343944584931291e+00
-5.895895895895895578e+00,8.477531675754782503e-01,1.031651265862979061e+00
-5.875875875875875565e+00,8.514501459430601216e-01,1.022444948027295242e+00
-5.855855855855855552e+00,8.549529916012790220e-01,1.013718222941101033e+00
-5.835835835835835539e+00,8.582666457286960426e-01,1.005464383959985941e+00
-5.815815815815815526e+00,8.613955370034214187e-01,9.976769125437103813e-01
-5.795795795795795513e+00,8.643435805551605844e-01,9.903496009481590479e-01
-5.775775775775775500e+00,8.671141731794231866e-01,9.834766726416172000e-01
-5.755755755755755487e+00,8.697101845150527755e-01,9.770529021241923795e-01
-5.735735735735735474e+00,8.721339438143916878e-01,9.710737358981298417e-01
-5.715715715715715461e+00,8.743872218510700955e-01,9.655354164425193897e-01
-5.695695695695695449e+00,8.764712074124088037e-01,9.604351111940916397e-01
-5.675675675675675436e+00,8.783864777067427188e-01,9.557710487318462622e-01
-5.655655655655655423e+00,8.801329618781978947e-01,9.515426646156666113e-01
-5.635635635635635410e+00,8.817098966564242968e-01,9.477507596479251006e-01
-5.615615615615615397e+00,8.831157729709423476e-01,9.443976737252971487e-01
-5.595595595595595384e+00,8.843482721215446540e-01,9.414874789420583090e-01
-5.575575575575575371e+00,8.854041898073075068e-01,9.390261962164673237e-01
-5.555555555555555358e+00,8.862793459662674511e-01,9.370220404645429602e-01
-5.535535535535535345e+00,8.869684779498985261e-01,9.354857002732240856e-01
-5.515515515515515332e+00,8.874651140325553467e-01,9.344306591686974972e-01
-5.495495495495495319e+00,8.877614236121671443e-01,9.338735669878444057e-01
-5.475475475475475307e+00,8.878480396643433359e-01,9.338346716070439202e-01
-5.455455455455455294e+00,8.877138480287432021e-01,9.343383234464669451e-01
-5.435435435435435281e+00,8.873457368863881811e-01,9.354135678559112321e-01
-5.415415415415415268e+00,8.867282982649146161e-01,9.370948438342866504e-01
-5.395395395395395255e+00,8.858434715081844324e-01,9.394228117112167764e-01
-5.375375375375375242e+00,8.846701162634120763e-01,9.424453376430659279e-01
-5.355355355355355229e+00,8.831834995439811209e-01,9.462186693240902668e-01
-5.335335335335335216e+00,8.813546776531102633e-01,9.508088455359273716e-01
-5.315315315315315203e+00,8.791497489919519737e-01,9.562933924958393339e-01
-5.295295295295295190e+00,8.765289477614028879e-01,9.627633729656120964e-01
-5.275275275275275177e+00,8.734455409669925618e-01,9.703258704231292331e-01
-5.255255255255255165e+00,8.698444815488624027e-01,9.791070110896209489e-01
-5.235235235235235152e+00,8.656607584007227629e-01,9.892556521835268457e-01
-5.215215215215215139e+00,8.608173689714122556e-01,1.000947896447498042e+00
-5.195195195195195126e+00,8.552228215048373050e-01,1.014392631708183501e+00
-5.175175175175175113e+00,8.487680513214523881e-01,1.029838340528866913e+00
-5.155155155155155100e+00,8.413226088050461682e-01,1.047581478407139777e+00
-5.135135135135135087e+00,8.327299467588584747e-01,1.067976776614202095e+00
-5.115115115115115074e+00,8.228016043124271039e-01,1.091449880017532736e+00
-5.095095095095095061e+00,8.113100602977625364e-01,1.118512763962511203e+00
-5.075075075075075048e+00,7.979800253299353940e-01,1.149782352367701543e+00
-5.055055055055055035e+00,7.824779875901040072e-01,1.186002612828168434e+00
-5.035035035035035023e+00,7.643999783136545823e-01,1.228070003409476252e+00
-5.015015015015015010e+00,7.432578838582719616e-01,1.277061249531484588e+00
-4.994994994994994997e+00,7.184653926283384173e-01,1.334260606152385398e+00
-4.974974974974974984e+00,6.893261628293463339e-01,1.401180261150294148e+00
-4.954954954954954971e+00,6.550295938495233061e-01,1.479561125302810920e+00
-4.934934934934934958e+00,6.146645481246729714e-01,1.571330070641376642e+00
-4.914914914914914945e+00,5.672696324507940924e-01,1.678471397876754034e+00
-4.894894894894894932e+00,5.119510814296672763e-01,1.802743433556241559e+00
-4.874874874874874919e+00,4.481146433519097583e-01,1.945139328260287126e+00
-4.854854854854854906e+00,3.758679991117623298e-01,2.104973869952186050e+00
-4.834834834834834894e+00,2.966311835428694366e-01,2.278530046200042403e+00
-4.814814814814814881e+00,2.138964947127383054e-01,2.457424897589308710e+00
-4.794794794794794868e+00,1.338540512355382295e-01,2.627360287471875999e+00
-4.774774774774774855e+00,6.528647172800181031e-02,2.768593274549874028e+00
-4.754754754754754842e+00,1.804391768144746055e-02,2.859586039732156859e+00
-4.734734734734734829e+00,5.517334153106096852e-05,2.883763441597727351e+00
-4.714714714714714816e+00,1.419005286856290377e-02,2.836291393360416802e+00
-4.694694694694694803e+00,5.704960214486137771e-02,2.726298709937814202e+00
-4.674674674674674790e+00,1.205783695391903498e-01,2.572826081003441789e+00
-4.654654654654654777e+00,1.952490070781711107e-01,2.397542869170970370e+00
-4.634634634634634764e+00,2.727948339621050211e-01,2.218761592620953849e+00
-4.614614614614614752e+00,3.474620381795616719e-01,2.048883007928341549e+00
-4.594594594594594739e+00,4.159936467912023206e-01,1.894646154686393080e+00
-4.574574574574574726e+00,4.770169527413986033e-01,1.758625192898240153e+00
-4.554554554554554713e+00,5.303507635662442210e-01,1.640829587936276868e+00
-4.534534534534534700e+00,5.764602767763836733e-01,1.539929144547496076e+00
-4.514514514514514687e+00,6.160985804935301680e-01,1.454042101463526082e+00
-4.494494494494494674e+00,6.500980350573066779e-01,1.381183182032924339e+00
-4.474474474474474661e+00,6.792617181566317219e-01,1.319489716939415525e+00
-4.454454454454454648e+00,7.043147795048437798e-01,1.267317941256684399e+00
-4.434434434434434635e+00,7.258888431340390079e-01,1.223269932833867868e+00
-4.414414414414414622e+00,7.445232219685419262e-01,1.186187365462249010e+00
-4.394394394394394610e+00,7.606738041752738599e-01,1.155132586611161916e+00
-4.374374374374374597e+00,7.747248067704073371e-01,1.129368547783612842e+00
-4.354354354354354584e+00,7.870011362107218744e-01,1.108344827958062107e+00
-4.334334334334334571e+00,7.977806299314236238e-01,1.091696425799727477e+00
-4.314314314314314558e+00,8.073066104551427369e-01,1.079266026559514646e+00
-4.294294294294294545e+00,8.158027565894758748e-01,1.071174554233163656e+00
-4.274274274274274532e+00,8.234963634372337582e-01,1.068011729394670706e+00
-4.254254254254254519e+00,8.306722220562491321e-01,1.071412344040638454e+00
-4.234234234234234506e+00,8.378842461076898562e-01,1.086545542397201025e+00
-4.214214214214214493e+00,8.703329836376159090e-01,1.402206442586949819e+00
-4.194194194194194480e+00,9.448888241510244868e-01,1.914366194699505641e+00
-4.174174174174174468e+00,9.943026339822624848e-01,2.154217800946130357e+00
-4.154154154154154455e+00,1.034104553098456503e+00,2.318261575705671262e+00
-4.134134134134134442e+00,1.067479859564614220e+00,2.441182115767142502e+00
-4.114114114114114429e+00,1.095925359266566090e+00,2.537404363304297306e+00
-4.094094094094094416e+00,1.120334269140843331e+00,2.614681675709261022e+00
-4.074074074074074403e+00,1.141307068889831244e+00,2.677790608127196936e+00
-4.054054054054054390e+00,1.159276443758665120e+00,2.729936373321286247e+00
-4.034034034034034377e+00,1.174568143280656507e+00,2.773398821181844998e+00
-4.014014014014014364e+00,1.187434649937405773e+00,2.809868738437383495e+00
-3.993993993993994351e+00,1.198075600905112559e+00,2.840639209625362316e+00
-3.973973973973974338e+00,1.206651089239754171e+00,2.866722004592432427e+00
-3.953953953953954326e+00,1.213290854133903585e+00,2.888922096327228406e+00
-3.933933933933934313e+00,1.218100974647942536e+00,2.907887325997446482e+00
-3.913913913913914300e+00,1.221168998538621819e+00,2.924142559690159349e+00
-3.893893893893894287e+00,1.222568079087072768e+00,2.938113754540899514e+00
-3.873873873873874274e+00,1.222360492843064250e+00,2.950145224211825568e+00
-3.853853853853854261e+00,1.220600793432255138e+00,2.960512186652253241e+00
-3.833833833833834248e+00,1.217338782815062803e+00,2.969429967651506796e+00
-3.813813813813814235e+00,1.212622431087892139e+00,2.977060806676182558e+00
-3.793793793793794222e+00,1.206500837053908759e+00,2.983518952106135824e+00
-3.773773773773774209e+00,1.199027286650743207e+00,2.988874577261876997e+00
-3.753753753753754197e+00,1.190262429537743971e+00,2.993156959011956442e+00
-3.733733733733734184e+00,1.180277551867380037e+00,2.996357313523795529e+00
-3.713713713713714171e+00,1.169157873037173445e+00,2.998431661977208673e+00
-3.693693693693694158e+00,1.157005735324051043e+00,2.999304088669317636e+00
-3.673673673673674145e+00,1.143943489464193108e+00,2.998870741220002412e+00
-3.653653653653654132e+00,1.130115811501523293e+00,2.997004893239969547e+00
-3.633633633633634119e+00,1.115691125733209388e+00,2.993563329158199338e+00
-3.613613613613614106e+00,1.100861768829929588e+00,2.988394205524039560e+00
-3.593593593593594093e+00,1.085842528186618416e+00,2.981346384090460155e+00
-3.573573573573573192e+00,1.070867241181269414e+00,2.972280019390398209e+00
-3.553553553553553179e+00,1.056183265594988763e+00,2.961077931068958780e+00
-3.533533533533533166e+00,1.042043829551779321e+00,2.947657029580927901e+00
-3.513513513513513153e+00,1.028698530513940002e+00,2.931978839982166019e+00
-3.493493493493493141e+00,1.016382545619510802e+00,2.914058039161250058e+00
-3.473473473473473128e+00,1.005305389600169796e+00,2.893967940424558627e+00
-3.453453453453453115e+00,9.956402507805185431e-01,2.871842058722481550e+00
-3.433433433433433102e+00,9.875149938950787964e-01,2.847871266097097731e+00
-3.413413413413413089e+00,9.810058068439104773e-01,2.822296551559433375e+00
-3.393393393393393076e+00,9.761341900460933640e-01,2.795397945043765819e+00
-3.373373373373373063e+00,9.728675857046779063e-01,2.767480645192915478e+00
-3.353353353353353050e+00,9.711234956729257739e-01,2.738859709670359965e+00
-3.333333333333333037e+00,9.707765275984117093e-01,2.709844766207710087e+00
-3.313313313313313024e+00,9.716675136959481707e-01,2.680726077089933934e+00
-3.293293293293293011e+00,9.736137072852593111e-01,2.651762984174631299e+00
-3.273273273273272999e+00,9.764190825520605577e-01,2.623175353790059727e+00
-3.253253253253252986e+00,9.798839125382348136e-01,2.595138217373453404e+00
-3.233233233233232973e+00,9.838130289159721098e-01,2.567779436879909394e+00
-3.213213213213212960e+00,9.880224207048401430e-01,2.541179958627603153e+00
-3.193193193193192947e+00,9.923440630119958472e-01,2.515376069784424740e+00
-3.173173173173172934e+00,9.966290524559522357e-01,2.490363027814149088e+00
-3.153153153153152921e+00,1.000749251383337368e+00,2.466099469602896388e+00
-3.133133133133132908e+00,1.004597710056577498e+00,2.442512093182395372e+00
-3.113113113113112895e+00,1.008088154825273808e+00,2.419500212730985478e+00
-3.093093093093092882e+00,1.011153814551176477e+00,2.396939894703382645e+00
-3.073073073073072869e+00,1.013745820707138590e+00,2.374687474645339691e+00
-3.053053053053052857e+00,1.015831369770496817e+00,2.352582321814557620e+00
-3.033033033033032844e+00,1.017391787791249946e+00,2.330448757698686535e+00
-3.013013013013012831e+00,1.018420591228883509e+00,2.308097042202047700e+00
-2.992992992992992818e+00,1.018921597575063398e+00,2.285323314082667867e+00
-2.972972972972972805e+00,1.018907104095389426e+00,2.261908302612756660e+00
-2.952952952952952792e+00,1.018396121762576989e+00,2.237614499556619840e+00
-2.932932932932932779e+00,1.017412621073106260e+00,2.212181262877569221e+00
-2.912912912912912766e+00,1.015983711798560174e+00,2.185316954560540204e+00
-2.892892892892892753e+00,1.014137630965708414e+00,2.156686573033748999e+00
-2.872872872872872740e+00,1.011901335869858531e+00,2.125892177284636197e+00
-2.852852852852852727e+00,1.009297357577522591e+00,2.092441179138775365e+00
-2.832832832832832715e+00,1.006339288215067018e+00,2.055693066753670806e+00
-2.812812812812812702e+00,1.003024661239600990e+00,2.014765212154780105e+00
-2.792792792792792689e+00,9.993225053727505802e-01,1.968354410869976423e+00
-2.772772772772772676e+00,9.951487926002018369e-01,1.914364557569193659e+00
-2.752752752752752663e+00,9.903095774170974641e-01,1.849011057470042019e+00
-2.732732732732732650e+00,9.843323260274398079e-01,1.764099501469531761e+00
-2.712712712712712637e+00,9.756426161151978693e-01,1.633571165051991292e+00
-2.692692692692692624e+00,9.342854429328857346e-01,1.314300295340370850e+00
-2.672672672672672611e+00,9.100833101852138229e-01,1.272517512164562881e+00
-2.652652652652652598e+00,8.941181825824497942e-01,1.256193075037540297e+00
-2.632632632632632586e+00,8.809305555994095815e-01,1.250302282540570076e+00
-2.612612612612612573e+00,8.690718206657563893e-01,1.252033596243667279e+00
-2.592592592592592560e+00,8.579518964786787549e-01,1.261811479898593991e+00
-2.572572572572572547e+00,8.474168551147077677e-01,1.283671348760585307e+00
-2.552552552552552534e+00,8.378675189375593968e-01,1.331968828677250194e+00
-2.532532532532532521e+00,8.313938121458649411e-01,1.473331140144080509e+00
-2.512512512512512508e+00,8.418825441964309375e-01,2.449700704545212382e+00
-2.492492492492492495e+00,6.131361947651643440e-01,1.338344086282232404e+01
-2.472472472472472482e+00,7.334719188593739059e-01,1.764442243246431286e+00
-2.452452452452452469e+00,7.279655492049348364e-01,1.468580763741110129e+00
-2.432432432432432456e+00,7.119417434656127863e-01,1.422271809848048463e+00
-2.412412412412412444e+00,6.910938421781919194e-01,1.426226289839289452e+00
-2.392392392392392431e+00,6.664518049798002775e-01,1.449873892671655451e+00
-2.372372372372372418e+00,6.381084199904283327e-01,1.485362112771305698e+00
-2.352352352352352405e+00,6.058509123830455589e-01,1.530307616340484511e+00
-2.332332332332332392e+00,5.693446967860279484e-01,1.584109613544804951e+00
-2.312312312312312379e+00,5.282226981709263747e-01,1.646836939035619007e+00
-2.292292292292292366e+00,4.821637895093625614e-01,1.718761829305538447e+00
-2.272272272272272353e+00,4.309927885864968666e-01,1.800058896715294621e+00
-2.252252252252252340e+00,3.748216313784417109e-01,1.890509224518839737e+00
-2.232232232232232327e+00,3.142436980807320479e-01,1.989144349472824258e+00
-2.212212212212212314e+00,2.505783926006838747e-01,2.093815667545583459e+00
-2.192192192192192302e+00,1.861315584346028840e-01,2.200736631187082182e+00
-2.172172172172172289e+00,1.243842776582574777e-01,2.304138193887168118e+00
-2.152152152152152276e+00,6.996004516655345007e-02,2.396287253127481698e+00
-2.132132132132132263e+00,2.819445900559459234e-02,2.468168326057546214e+00
-2.112112112112112250e+00,4.219725472963042553e-03,2.510989845365418027e+00
-2.092092092092092237e+00,1.721961478307121492e-03,2.518269290225760404e+00
-2.072072072072072224e+00,2.182899499959792267e-02,2.487741004219380159e+00
-2.052052052052052211e+00,6.267905566226227021e-02,2.422153976180949186e+00
-2.032032032032032198e+00,1.199253320377631216e-01,2.328501815153336985e+00
-2.012012012012012185e+00,1.879220318452058391e-01,2.216079825907584677e+00
-1.991991991991991284e+00,2.610237526794058627e-01,2.094309583582724787e+00
-1.971971971971971271e+00,3.345170081135921958e-01,1.971148158174600207e+00
-1.951951951951951258e+00,4.050209015360134446e-01,1.852375597631822801e+00
-1.931931931931931246e+00,4.704616571445098816e-01,1.741601432275846850e+00
-1.911911911911911233e+00,5.298208178672867419e-01,1.640662311470468593e+00
-1.891891891891891220e+00,5.828240274322079584e-01,1.550130865165049387e+00
-1.871871871871871207e+00,6.296641171242203239e-01,1.469775461519166049e+00
-1.851851851851851194e+00,6.707919753978204280e-01,1.398911232251220715e+00
-1.831831831831831181e+00,7.067748149024724036e-01,1.336640389699293774e+00
-1.811811811811811168e+00,7.382081381957746880e-01,1.282003204481911185e+00
-1.791791791791791155e+00,7.656656647025172902e-01,1.234065208018548576e+00
-1.771771771771771142e+00,7.896740233897249217e-01,1.191962404636345507e+00
-1.751751751751751129e+00,8.107025940583074686e-01,1.154920537229273014e+00
-1.731731731731731116e+00,8.291620445755785163e-01,1.122259264585159677e+00
-1.711711711711711104e+00,8.454074775083997295e-01,1.093388184720368583e+00
-1.691691691691691091e+00,8.597437179023240672e-01,1.067798931346093827e+00
-1.671671671671671078e+00,8.724313197836135458e-01,1.045055807492157207e+00
-1.651651651651651065e+00,8.836925174659984172e-01,1.024786318609478331e+00
-1.631631631631631052e+00,8.937167360223851054e-01,1.006672302222374027e+00
-1.611611611611611039e+00,9.026654996671248377e-01,9.904419627622260691e-01
-1.591591591591591026e+00,9.106767009889724651e-01,9.758629022025122612e-01
-1.571571571571571013e+00,9.178682585045945252e-01,9.627361214010053958e-01
-1.551551551551551000e+00,9.243412199538846297e-01,9.508909111928373070e-01
-1.531531531531530987e+00,9.301823793258587880e-01,9.401805303875763187e-01
-1.511511511511510975e+00,9.354664758106006062e-01,9.304785644212568707e-01
-1.491491491491490962e+00,9.402580379647735853e-01,9.216758644194306127e-01
-1.471471471471470949e+00,9.446129293250391523e-01,9.136779766378100298e-01
-1.451451451451450936e+00,9.485796441295237802e-01,9.064029837796430122e-01
-1.431431431431430923e+00,9.522003945428316740e-01,8.997796910223817557e-01
-1.411411411411410910e+00,9.555120242123934515e-01,8.937460999874407008e-01
-1.391391391391390897e+00,9.585467772464029146e-01,8.882481230647651937e-01
-1.371371371371370884e+00,9.613329467995959110e-01,8.832384984073441414e-01
-1.351351351351350871e+00,9.638954233203043120e-01,8.786758726099942463e-01
-1.331331331331330858e+00,9.662561590622598118e-01,8.745240237062005262e-01
-1.311311311311310845e+00,9.684345626018948661e-01,8.707512017983833896e-01
-1.291291291291290833e+00,9.704478347363600932e-01,8.673295685200665961e-01
-1.271271271271270820e+00,9.723112551868482445e-01,8.642347197409346871e-01
-1.251251251251250807e+00,9.740384279256308897e-01,8.614452785800351675e-01
-1.231231231231230794e+00,9.756414916227927892e-01,8.589425479850197886e-01
-1.211211211211210781e+00,9.771313006196153950e-01,8.567102139474943590e-01
-1.191191191191190768e+00,9.785175809379311751e-01,8.547340919244285073e-01
-1.171171171171170755e+00,9.798090650940878277e-01,8.530019102791881469e-01
-1.151151151151150742e+00,9.810136088738904414e-01,8.515031255897221873e-01
-1.131131131131130729e+00,9.821382927181759870e-01,8.502287655338147676e-01
-1.111111111111110716e+00,9.831895099482744760e-01,8.491712957835687581e-01
-1.091091091091090703e+00,9.841730437112512497e-01,8.483245079492502949e-01
-1.071071071071070691e+00,9.850941342339278872e-01,8.476834261276139371e-01
-1.051051051051050678e+00,9.859575377318468004e-01,8.472442300494453793e-01
-1.031031031031030665e+00,9.867675781162413839e-01,8.470041932002498886e-01
-1.011011011011010652e+00,9.875281924718436466e-01,8.469616346188284517e-01
-9.909909909909906389e-01,9.882429711353291069e-01,8.471158833718416270e-01
-9.709709709709706260e-01,9.889151930837616344e-01,8.474672549674153732e-01
-9.509509509509506131e-01,9.895478572407361284e-01,8.480170392153677517e-01
-9.309309309309306002e-01,9.901437102220778108e-01,8.487674992738403201e-01
-9.109109109109105873e-01,9.907052709699295523e-01,8.497218818480548608e-01
-8.908908908908905744e-01,9.912348526623311340e-01,8.508844387348563076e-01
-8.708708708708705615e-01,9.917345822326416593e-01,8.522604601428884763e-01
-8.508508508508505486e-01,9.922064177882167213e-01,8.538563204710709620e-01
-8.308308308308305357e-01,9.926521641793454309e-01,8.556795375061005959e-01
-8.108108108108105228e-01,9.930734869365775985e-01,8.577388463132056273e-01
-7.907907907907905098e-01,9.934719247662394670e-01,8.600442894554523043e-01
-7.707707707707704969e-01,9.938489007697480782e-01,8.626073256005277745e-01
-7.507507507507504840e-01,9.942057325312481098e-01,8.654409590783177508e-01
-7.307307307307304711e-01,9.945436412001796844e-01,8.685598935614832206e-01
-7.107107107107104582e-01,9.948637596795317783e-01,8.719807137839700184e-01
-6.906906906906904453e-01,9.951671400170989390e-01,8.757221001280064421e-01
-6.706706706706704324e-01,9.954547600851586520e-01,8.798050820485774359e-01
-6.506506506506504195e-01,9.957275296237118045e-01,8.842533377321307730e-01
-6.306306306306304066e-01,9.959862957134004713e-01,8.890935491913412037e-01
-6.106106106106103937e-01,9.962318477362819280e-01,8.943558242982136974e-01
-5.905905905905903808e-01,9.964649218756989058e-01,9.000742002134318742e-01
-5.705705705705703679e-01,9.966862052002147809e-01,9.062872464987354881e-01
-5.505505505505503550e-01,9.968963393710639220e-01,9.130387912022238650e-01
-5.305305305305303420e-01,9.970959240075358831e-01,9.203787998030207307e-01
-5.105105105105103291e-01,9.972855197399834726e-01,9.283644456825780322e-01
-4.904904904904903162e-01,9.974656509758788037e-01,9.370614225971766187e-01
-4.704704704704703033e-01,9.976368083999545000e-01,9.465455656757363334e-01
-4.504504504504502904e-01,9.977994512251341375e-01,9.569048695375877989e-01
-4.304304304304302775e-01,9.979540092063596823e-01,9.682420228568553444e-01
-4.104104104104102646e-01,9.981008844240162325e-01,9.806776220745829775e-01
-3.903903903903902517e-01,9.982404528373469699e-01,9.943542890818111157e-01
-3.703703703703702388e-01,9.983730655998932502e-01,1.009442008102045207e+00
-3.503503503503502259e-01,9.984990501178792055e-01,1.026145130887099688e+00
-3.303303303303302130e-01,9.986187108164250592e-01,1.044711701463954645e+00
-3.103103103103102001e-01,9.987323295546874924e-01,1.065446063357700979e+00
-2.902902902902901872e-01,9.988401655944108004e-01,1.088726204325005664e+00
-2.702702702702701743e-01,9.989424549675705034e-01,1.115028091352013861e+00
-2.502502502502501613e-01,9.990394089916496689e-01,1.144960580727734767e+00
-2.302302302302301484e-01,9.991312115137878092e-01,1.179316788459369825e+00
-2.102102102102101355e-01,9.992180141656107351e-01,1.219151935288065314e+00
-1.901901901901901226e-01,9.992999283490773266e-01,1.265905429621700717e+00
-1.701701701701701097e-01,9.993770115635973728e-01,1.321600275486977338e+00
-1.501501501501500968e-01,9.994492433474229109e-01,1.389185141948476199e+00
-1.301301301301300839e-01,9.995164807961474107e-01,1.473157625441095187e+00
-1.101101101101100710e-01,9.995783703580550794e-01,1.580789720562863376e+00
-9.009009009009005808e-02,9.996341551906829936e-01,1.724789770733934580e+00
-7.007007007007004518e-02,9.996821929855765898e-01,1.929932680870413142e+00
-5.005005005005003227e-02,9.997184746051599458e-01,2.253281648128951264e+00
-3.003003003003001936e-02,9.997301509281824039e-01,2.871042634821091344e+00
-1.001001001001000645e-02,9.996266801903523902e-01,4.921815379200508822e+00
1.001001001001000645e-02,9.882723738592711360e-01,4.800692722618705055e+00
3.003003003003001936e-02,9.956592039262750493e-01,2.818151217361961614e+00
5.005005005005003227e-02,9.972168161263095243e-01,2.210812614668186349e+00
7.007007007007004518e-02,9.979009037755448563e-01,1.890992329635881264e+00
9.009009009009005808e-02,9.982886091314627786e-01,1.687241974189405136e+00
1.101101101101100710e-01,9.985401654861703058e-01,1.543718899844320536e+00
1.301301301301300839e-01,9.987178768029483233e-01,1.436099425154503173e+00
1.501501501501500968e-01,9.988510424396376264e-01,1.351878727351923049e+00
1.701701701701701097e-01,9.989552631242351044e-01,1.283888914232466094e+00
1.901901901901901226e-01,9.990396105734500320e-01,1.227690424690499826e+00
2.102102102102101355e-01,9.991097194319999986e-01,1.180368996034392381e+00
2.302302302302301484e-01,9.991692736157853361e-01,1.139922956661919340e+00
2.502502502502501613e-01,9.992207825576078228e-01,1.104926559608069958e+00
2.702702702702701743e-01,9.992660140615636788e-01,1.074333529214860805e+00
2.902902902902901872e-01,9.993062488688502221e-01,1.047356681895020181e+00
3.103103103103102001e-01,9.993424371261441230e-01,1.023391107008859269e+00
3.303303303303302130e-01,9.993752982055899015e-01,1.001963436776891703e+00
3.503503503503502259e-01,9.994053864446954538e-01,9.826973480416604234e-01
3.703703703703702388e-01,9.994331356499920327e-01,9.652894988767319884e-01
3.903903903903902517e-01,9.994588899576875018e-01,9.494923667565560166e-01
4.104104104104102646e-01,9.994829256918862370e-01,9.351017666184223698e-01
4.304304304304302775e-01,9.995054671403098556e-01,9.219476130823603954e-01
4.504504504504502904e-01,9.995266981328732037e-01,9.098869761926655642e-01
4.704704704704703033e-01,9.995467706688965226e-01,8.987987874430848345e-01
4.904904904904903162e-01,9.995658114333350053e-01,8.885797522816212268e-01
5.105105105105103291e-01,9.995839267796463590e-01,8.791411574514649274e-01
5.305305305305303420e-01,9.996012065831190174e-01,8.704063508009037831e-01
5.505505505505503550e-01,9.996177272513644407e-01,8.623087325642342371e-01
5.705705705705703679e-01,9.996335540984819801e-01,8.547901399793624844e-01
5.905905905905903808e-01,9.996487432335097179e-01,8.477995374871861722e-01
6.106106106106103937e-01,9.996633430744430449e-01,8.412919465811692366e-01
6.306306306306304066e-01,9.996773955708257997e-01,8.352275652487387569e-01
6.506506506506504195e-01,9.996909371976203662e-01,8.295710386254001589e-01
6.706706706706704324e-01,9.997039997680308154e-01,8.242908511685578254e-01
6.906906906906904453e-01,9.997166111019715196e-01,8.193588171828041222e-01
7.107107107107104582e-01,9.997287955785667535e-01,8.147496514756775721e-01
7.307307307307304711e-01,9.997405745948696465e-01,8.104406057068951341e-01
7.507507507507504840e-01,9.997519669482272109e-01,8.064111589121724100e-01
7.707707707707704969e-01,9.997629891561028437e-01,8.026427529504976954e-01
7.907907907907905098e-01,9.997736557243463995e-01,7.991185653989451021e-01
8.108108108108105228e-01,9.997839793727112401e-01,7.958233138183011812e-01
8.308308308308305357e-01,9.997939712247125854e-01,7.927430864227601459e-01
8.508508508508505486e-01,9.998036409675636893e-01,7.898651950729529414e-01
8.708708708708705615e-01,9.998129969868359002e-01,7.871780472228729897e-01
8.908908908908905744e-01,9.998220464796586660e-01,7.846710340255692584e-01
9.109109109109105873e-01,9.998307955495335797e-01,7.823344322685036323e-01
9.309309309309306002e-01,9.998392492853331870e-01,7.801593181896614437e-01
9.509509509509506131e-01,9.998474118265481270e-01,7.781374915370872225e-01
9.709709709709706260e-01,9.998552864164926834e-01,7.762614084910706147e-01
9.909909909909906389e-01,9.998628754448612987e-01,7.745241222804242209e-01
1.011011011011010652e+00,9.998701804807881288e-01,7.729192305005345709e-01
1.031031031031030665e+00,9.998772022972991502e-01,7.714408282878463252e-01
1.051051051051050678e+00,9.998839408879047763e-01,7.700834666286300312e-01
1.071071071071070691e+00,9.998903954759047474e-01,7.688421151832567357e-01
1.091091091091090703e+00,9.998965645168245153e-01,7.677121290946732346e-01
1.111111111111110716e+00,9.999024456943019779e-01,7.666892193237200281e-01
1.131131131131130729e+00,9.999080359096157444e-01,7.657694261169043504e-01
1.151151151151150742e+00,9.999133312649417515e-01,7.649490952660560339e-01
1.171171171171170755e+00,9.999183270403547708e-01,7.642248568653273733e-01
1.191191191191190768e+00,9.999230176644502421e-01,7.635936063107855443e-01
1.211211211211210781e+00,9.999273966784220091e-01,7.630524873221988802e-01
1.231231231231230794e+00,9.999314566933034110e-01,7.625988767965263815e-01
1.251251251251250807e+00,9.999351893400174607e-01,7.622303713287877924e-01
1.271271271271270820e+00,9.999385852117197437e-01,7.619447752590651213e-01
1.291291291291290833e+00,9.999416337979083469e-01,7.617400901248267964e-01
1.311311311311310845e+00,9.999443234095644062e-01,7.616145054161367334e-01
1.331331331331330858e+00,9.999466410945155870e-01,7.615663905478518014e-01
1.351351351351350871e+00,9.999485725420605986e-01,7.615942879781545383e-01
1.371371371371370884e+00,9.999501019757346398e-01,7.616969074168405962e-01
1.391391391391390897e+00,9.999512120328922782e-01,7.618731210801285014e-01
1.411411411411410910e+00,9.999518836296310553e-01,7.621219599615132179e-01
1.431431431431430923e+00,9.999520958092895651e-01,7.624426111007426288e-01
1.451451451451450936e+00,9.999518255725209359e-01,7.628344158454350987e-01
1.471471471471470949e+00,9.999510476865960396e-01,7.632968691126640337e-01
1.491491491491490962e+00,9.999497344712822144e-01,7.638296196710557817e-01
1.511511511511510975e+00,9.999478555581360339e-01,7.644324714780497132e-01
1.531531531531530987e+00,9.999453776196366439e-01,7.651053861222063546e-01
1.551551551551551000e+00,9.999422640639470394e-01,7.658484864372184786e-01
1.571571571571571013e+00,9.999384746904262933e-01,7.666620613729417943e-01
1.591591591591591026e+00,9.999339653002065065e-01,7.675465722300870430e-01
1.611611611611611039e+00,9.999286872551719219e-01,7.685026603893170272e-01
1.631631631631631052e+00,9.999225869775627551e-01,7.695311566936748893e-01
1.651651651651651065e+00,9.999156053810275280e-01,7.706330926759731303e-01
1.671671671671671078e+00,9.999076772223600695e-01,7.718097138612819430e-01
1.691691691691691091e+00,9.998987303611570621e-01,7.730624954202370835e-01
1.711711711711711104e+00,9.998886849123131970e-01,7.743931605031797449e-01
1.731731731731731116e+00,9.998774522733866466e-01,7.758037016501524441e-01
1.751751751751751129e+00,9.998649340054401868e-01,7.772964057500959534e-01
1.771771771771771142e+00,9.998510205417135976e-01,7.788738831173095400e-01
1.791791791791791155e+00,9.998355896933455167e-01,7.805391013685013535e-01
1.811811811811811168e+00,9.998185049150417614e-01,7.822954249245107627e-01
1.831831831831831181e+00,9.997996132857172036e-01,7.841466611336929127e-01
1.851851851851851194e+00,9.997787431495279709e-01,7.860971142272183965e-01
1.871871871871871207e+00,9.997557013505661283e-01,7.881516485810124983e-01
1.891891891891891220e+00,9.997302699794800018e-01,7.903157630886277207e-01
1.911911911911911233e+00,9.997022025312003457e-01,7.925956788622184890e-01
1.931931931931931246e+00,9.996712193490291387e-01,7.949984429988502521e-01
1.951951951951951258e+00,9.996370021997330602e-01,7.975320518081646659e-01
1.971971971971971271e+00,9.995991877852545837e-01,8.002055977368949247e-01
1.991991991991991284e+00,9.995573599462668213e-01,8.030294453020834222e-01
2.012012012012011297e+00,9.995110402476379274e-01,8.060154427339710770e-01
2.032032032032031310e+00,9.994596765506826852e-01,8.091771778345264732e-01
2.052052052052051323e+00,9.994026290651540911e-01,8.125302889200678447e-01
2.072072072072071336e+00,9.993391532255837539e-01,8.160928448320944328e-01
2.092092092092091349e+00,9.992683785383773554e-01,8.198858121428269641e-01
2.112112112112111362e+00,9.991892822789086859e-01,8.239336332365662097e-01
2.132132132132131375e+00,9.991006565543951723e-01,8.282649464643724313e-01
2.152152152152151388e+00,9.990010667489541696e-01,8.329134898394130460e-01
2.172172172172171400e+00,9.988887986736483260e-01,8.379192439179451446e-01
2.192192192192191413e+00,9.987617907703274511e-01,8.433298893005820585e-01
2.212212212212211426e+00,9.986175463332058744e-01,8.492026821406265524e-01
2.232232232232231439e+00,9.984530187173668025e-01,8.556068910334733157e-01
2.252252252252251452e+00,9.982644595893391815e-01,8.626269966555069058e-01
2.272272272272271465e+00,9.980472159522983944e-01,8.703669408895814419e-01
2.292292292292291478e+00,9.977954551594777621e-01,8.789558398783769988e-01
2.312312312312311491e+00,9.975017871188308627e-01,8.885557698622494893e-01
2.332332332332331504e+00,9.971567372138301355e-01,8.993725363660374228e-01
2.352352352352351517e+00,9.967479983716323044e-01,9.116708154798062180e-01
2.372372372372371530e+00,9.962593495750309280e-01,9.257958316817337385e-01
2.392392392392391542e+00,9.956690588698359212e-01,9.422050278820738312e-01
2.412412412412411555e+00,9.949474688502575326e-01,9.615153955478912273e-01
2.432432432432431568e+00,9.940532473647616385e-01,9.845760474388455252e-01
2.452452452452451581e+00,9.929273855260908332e-01,1.012582801543483457e+00
2.472472472472471594e+00,9.914832465422100949e-01,1.047265300259042409e+00
2.492492492492491607e+00,9.895893790943026680e-01,1.091204823084798381e+00
2.512512512512511620e+00,9.870383696326447964e-01,1.148399689410524394e+00
2.532532532532531633e+00,9.834870415104499664e-01,1.225328619995376345e+00
2.552552552552551646e+00,9.783332802749868939e-01,1.333091069357379199e+00
2.572572572572571659e+00,9.704390974986942808e-01,1.492096420617980757e+00
2.592592592592591672e+00,9.574341261977716844e-01,1.743518142952489303e+00
2.612612612612611684e+00,9.336842015923145777e-01,2.181610355060731088e+00
2.632632632632631697e+00,8.830389979500095077e-01,3.064721112890948618e+00
2.652652652652651710e+00,7.449030525380649914e-01,5.310010763351493246e+00
2.672672672672671723e+00,2.545713545543130119e-01,1.258116332142324545e+01
2.692692692692691736e+00,4.499190767541627611e-01,9.653442425671011407e+00
2.712712712712711749e+00,1.119103084372114587e+00,9.556507612389673056e+00
2.732732732732731762e+00,1.446854988715197798e+00,3.232038513701986204e+01
2.752752752752751775e+00,1.449685627743285909e+00,1.605545452145132046e+01
2.772772772772771788e+00,1.494112648048897984e+00,8.284892342493103357e+00
2.792792792792791801e+00,1.631448178444062425e+00,6.091456939330456954e+00
2.812812812812811814e+00,1.744170214915090167e+00,4.886953049989503306e+00
2.832832832832833603e+00,1.821115042668197681e+00,4.113155158981547821e+00
2.852852852852853616e+00,1.871654883281939519e+00,3.591237643029975057e+00
2.872872872872873629e+00,1.905157203558619505e+00,3.226616228107451967e+00
2.892892892892893641e+00,1.927924459794669421e+00,2.963476950422059719e+00
2.912912912912913654e+00,1.943844410750382945e+00,2.767898247034358938e+00
2.932932932932933667e+00,1.955289741936754755e+00,2.618738193439984929e+00
2.952952952952953680e+00,1.963730328323101348e+00,2.502447090680214092e+00
2.972972972972973693e+00,1.970098637060820890e+00,2.410088317141734660e+00
2.992992992992993706e+00,1.975001775214394018e+00,2.335602193341727251e+00
3.013013013013013719e+00,1.978845233334583176e+00,2.274772310360030136e+00
3.033033033033033732e+00,1.981906423528593031e+00,2.224594714072357871e+00
3.053053053053053745e+00,1.984379385983110033e+00,2.182883019760687215e+00
3.073073073073073758e+00,1.986402622311356447e+00,2.148015002707839738e+00
3.093093093093093771e+00,1.988076833045119951e+00,2.118766102232798598e+00
3.113113113113113783e+00,1.989476474872448941e+00,2.094197596400564354e+00
3.133133133133133796e+00,1.990657449109520361e+00,2.073579949576154213e+00
3.153153153153153809e+00,1.991662316207815309e+00,2.056339273656881073e+00
3.173173173173173822e+00,1.992523896176265019e+00,2.042019282354698984e+00
3.193193193193193835e+00,1.993267795995115721e+00,2.030253823969069060e+00
3.213213213213213848e+00,1.993914211146724957e+00,2.020746762316941059e+00
3.233233233233233861e+00,1.994479228047600694e+00,2.013257044453416356e+00
3.253253253253253874e+00,1.994975778085718687e+00,2.007587484925429600e+00
3.273273273273273887e+00,1.995414345019406621e+00,2.003576250953523985e+00
3.293293293293293900e+00,1.995803495470134692e+00,2.001090336959369775e+00
3.313313313313313913e+00,1.996150280967542212e+00,2.000020523317009413e+00
3.333333333333333925e+00,1.996460545660376340e+00,2.000277456470231918e+00
3.353353353353353938e+00,1.996739164003704214e+00,2.001788586965416616e+00
3.373373373373373951e+00,1.996990225945184605e+00,2.004495772352147487e+00
3.393393393393393964e+00,1.997217182377258204e+00,2.008353402435303359e+00
3.413413413413413977e+00,1.997422960250494040e+00,2.013326941127420611e+00
3.433433433433433990e+00,1.997610054329104212e+00,2.019391806291168212e+00
3.453453453453454003e+00,1.997780600821037256e+00,2.026532529327818466e+00
3.473473473473474016e+00,1.997936436838833263e+00,2.034742151851525627e+00
3.493493493493494029e+00,1.998079148705606656e+00,2.044021829009432967e+00
3.513513513513514042e+00,1.998210111420610779e+00,2.054380618898431710e+00
3.533533533533534055e+00,1.998330521074018762e+00,2.065835445869578013e+00
3.553553553553554067e+00,1.998441421604072232e+00,2.078411232912395157e+00
3.573573573573574080e+00,1.998543726987820790e+00,2.092141205293604145e+00
3.593593593593594093e+00,1.998638239725605281e+00,2.107067374648545766e+00
3.613613613613614106e+00,1.998725666300458226e+00,2.123241220270616125e+00
3.633633633633634119e+00,1.998806630155138375e+00,2.140724592923130221e+00
3.653653653653654132e+00,1.998881682620557765e+00,2.159590876735282272e+00
3.673673673673674145e+00,1.998951312143805836e+00,2.179926457424943287e+00
3.693693693693694158e+00,1.999015952095754445e+00,2.201832561267604849e+00
3.713713713713714171e+00,1.999075987383398978e+00,2.225427550347053529e+00
3.733733733733734184e+00,1.999131760047560435e+00,2.250849787715555106e+00
3.753753753753754197e+00,1.999183573989413709e+00,2.278261224086837178e+00
3.773773773773774209e+00,1.999231698937687929e+00,2.307851909869052420e+00
3.793793793793794222e+00,1.999276373740205504e+00,2.339845709093935966e+00
3.813813813813814235e+00,1.999317809036699867e+00,2.374507594773895836e+00
3.833833833833834248e+00,1.999356189342564871e+00,2.412153053318343510e+00
3.853853853853854261e+00,1.999391674542345232e+00,2.453160342292657337e+00
3.873873873873874274e+00,1.999424400753617714e+00,2.497986668627756757e+00
3.893893893893894287e+00,1.999454480470068019e+00,2.547189845202770364e+00
3.913913913913914300e+00,1.999482001817018961e+00,2.601457746703480289e+00
3.933933933933934313e+00,1.999507026635721552e+00,2.661649101361657443e+00
3.953953953953954326e+00,1.999529586923072255e+00,2.728851146496472868e+00
3.973973973973974338e+00,1.999549678831659794e+00,2.804463040832643195e+00
3.993993993993994351e+00,1.999567252865631417e+00,2.890319818447199207e+00
4.014014014014014364e+00,1.999582197853965848e+00,2.988882414765218876e+00
4.034034034034034377e+00,1.999594314229150793e+00,3.103539844650474500e+00
4.054054054054054390e+00,1.999603267900112336e+00,3.239111171422683455e+00
4.074074074074074403e+00,1.999608506621841197e+00,3.402724779505015729e+00
4.094094094094094416e+00,1.999609098141179153e+00,3.605463442445104860e+00
4.114114114114114429e+00,1.999603388709336294e+00,3.865712790624404871e+00
4.134134134134134442e+00,1.999588193305045891e+00,4.216785913964201882e+00
4.154154154154154455e+00,1.999556528058387128e+00,4.727256903574594382e+00
4.174174174174174468e+00,1.999489383654275532e+00,5.570167570265170731e+00
4.194194194194194480e+00,1.999307228173358819e+00,7.392720834422998877e+00
4.214214214214214493e+00,1.996672537428699545e+00,2.278834517680338578e+01
4.234234234234234506e+00,9.999173484468992790e-01,7.638534544347053146e-01
4.254254254254254519e+00,9.999193362857972112e-01,7.627950371949135944e-01
4.274274274274274532e+00,9.999211689136116021e-01,7.629055522770958886e-01
4.294294294294294545e+00,9.999228605196966990e-01,7.632744043152285274e-01
4.314314314314314558e+00,9.999244245335324743e-01,7.637712341816284001e-01
4.334334334334334571e+00,9.999258711799554611e-01,7.643593139317300666e-01
4.354354354354354584e+00,9.999272088341022435e-01,7.650243413030304307e-01
4.374374374374374597e+00,9.999284446683578409e-01,7.657595009317085255e-01
4.394394394394394610e+00,9.999295849783511603e-01,7.665610568647028833e-01
4.414414414414414622e+00,9.999306353661484570e-01,7.674267464385075010e-01
4.434434434434434635e+00,9.999316008530296784e-01,7.683551028098588587e-01
4.454454454454454648e+00,9.999324859538369914e-01,7.693451366326651275e-01
4.474474474474474661e+00,9.999332947282905115e-01,7.703961736471391930e-01
4.494494494494494674e+00,9.999340308171877911e-01,7.715077664180626238e-01
4.514514514514514687e+00,9.999346974678346989e-01,7.726796441048998654e-01
4.534534534534534700e+00,9.999352975510785724e-01,7.739116830730536911e-01
4.554554554554554713e+00,9.999358335712684731e-01,7.752038896590872641e-01
4.574574574574574726e+00,9.999363076697660446e-01,7.765563904905676829e-01
4.594594594594594739e+00,9.999367216221433097e-01,7.779694278465010271e-01
4.614614614614614752e+00,9.999370768288613487e-01,7.794433586692058880e-01
4.634634634634634764e+00,9.999373742988764135e-01,7.809786564814756860e-01
4.654654654654654777e+00,9.999376146252665354e-01,7.825759158567028306e-01
4.674674674674674790e+00,9.999377979516076431e-01,7.842358593535011524e-01
4.694694694694694803e+00,9.999379239273924469e-01,7.859593470255301639e-01
4.714714714714714816e+00,9.999379916501860421e-01,7.877473887900586780e-01
4.734734734734734829e+00,9.999379995915260722e-01,7.896011601113468448e-01
4.754754754754754842e+00,9.999379455026520258e-01,7.915220216475199466e-01
4.774774774774774855e+00,9.999378262949027985e-01,7.935115437421063067e-01
4.794794794794794868e+00,9.999376378879931693e-01,7.955715369364007028e-01
4.814814814814814881e+00,9.999373750171882680e-01,7.977040900649693400e-01
4.834834834834834894e+00,9.999370309873663043e-01,7.999116180130119158e-01
4.854854854854854906e+00,9.999365973578446809e-01,8.021969219159797992e-01
4.874874874874874919e+00,9.999360635360569072e-01,8.045632655483315743e-01
4.894894894894894932e+00,9.999354162500926346e-01,8.070144729965746944e-01
4.914914914914914945e+00,9.999346388585342860e-01,8.095550546163969852e-01
4.934934934934934958e+00,9.999337104394100395e-01,8.121903709998552490e-01
4.954954954954954971e+00,9.999326045757039871e-01,8.149268486345953022e-01
4.974974974974974984e+00,9.999312877188135662e-01,8.177722667629988562e-01
4.994994994994994997e+00,9.999297169569110189e-01,8.207361436660562948e-01
5.015015015015015010e+00,9.999278369318236326e-01,8.238302638653774990e-01
5.035035035035035023e+00,9.999255755178153571e-01,8.270694083154718212e-01
5.055055055055055035e+00,9.999228376681443820e-01,8.304723822348545337e-01
5.075075075075075048e+00,9.999194964969557731e-01,8.340634879671738888e-01
5.095095095095095061e+00,9.999153800986912977e-01,8.378746778058751010e-01
5.115115115115115074e+00,9.999102516360791615e-01,8.419487710878971187e-01
5.135135135135135087e+00,9.999037785070894468e-01,8.463443827255868745e-01
5.155155155155155100e+00,9.998954832452314756e-01,8.511436892953349043e-01
5.175175175175175113e+00,9.998846627855518809e-01,8.564650665886537340e-01
5.195195195195195126e+00,9.998702507073358170e-01,8.624844326813152495e-01
5.215215215215215139e+00,9.998505717774324175e-01,8.694728921360397322e-01
5.235235235235235152e+00,9.998228815571753580e-01,8.778666349299846239e-01
5.255255255255255165e+00,9.997824477129672038e-01,8.884050251039953272e-01
5.275275275275275177e+00,9.997205715758810118e-01,9.024250285794087612e-01
5.295295295295295190e+00,9.996198959428109765e-01,9.225525736082659245e-01
5.315315315315315203e+00,9.994417757219402620e-01,9.545448785972641126e-01
5.335335335335335216e+00,9.990858019503251475e-01,1.013135540890943043e+00
5.355355355355355229e+00,9.982215006636243615e-01,1.146087455689028145e+00
5.375375375375375242e+00,9.951945529910648514e-01,1.588786818034806370e+00
5.395395395395395255e+00,9.659572376554290685e-01,5.701975749425931994e+00
5.415415415415415268e+00,9.184259001867107752e-01,1.184945106061521614e+01
5.435435435435435281e+00,9.925503911913180488e-01,1.834845060919263915e+00
5.455455455455455294e+00,9.972828711213438391e-01,1.218392924389166687e+00
5.475475475475475307e+00,9.985407660872023250e-01,1.062225831261158326e+00
5.495495495495495319e+00,9.990560030992697849e-01,1.002728448879548928e+00
5.515515515515515332e+00,9.993182833736080628e-01,9.756730465974796651e-01
5.535535535535535345e+00,9.994705941251988968e-01,9.625613995571463688e-01
5.555555555555555358e+00,9.995672108875814921e-01,9.564654462259762902e-01
5.575575575575575371e+00,9.996324895030275215e-01,9.543179701224101530e-01
5.595595595595595384e+00,9.996787172275301003e-01,9.545931388533061002e-01
5.615615615615615397e+00,9.997126554111561703e-01,9.564638915700538480e-01
5.635635635635635410e+00,9.997382830506960083e-01,9.594516563486715777e-01
5.655655655655655423e+00,9.997580704449977596e-01,9.632651209110876245e-01
5.675675675675675436e+00,9.997736196397839503e-01,9.677198454451547693e-01
5.695695695695695449e+00,9.997860079368535713e-01,9.726955112753400412e-01
5.715715715715715461e+00,9.997959822256692330e-01,9.781119432193214891e-01
5.735735735735735474e+00,9.998040739595313031e-01,9.839150492166482964e-01
5.755755755755755487e+00,9.998106698308655282e-01,9.900682588892475433e-01
5.775775775775775500e+00,9.998160566715725839e-01,9.965471406525323594e-01
5.795795795795795513e+00,9.998204508102088717e-01,1.003335923889693948e+00
5.815815815815815526e+00,9.998240177574840848e-01,1.010425200039963833e+00
5.835835835835835539e+00,9.998268857044592117e-01,1.017810374479657831e+00
5.855855855855855552e+00,9.998291549635471842e-01,1.025490609264831710e+00
5.875875875875875565e+00,9.998309046894129359e-01,1.033468094791353042e+00
5.895895895895895578e+00,9.998321977392261584e-01,1.041747547171446131e+00
5.915915915915915591e+00,9.998330842366047744e-01,1.050335864270725006e+00
5.935935935935935603e+00,9.998336042169935212e-01,1.059241896131276617e+00
5.955955955955955616e+00,9.998337896117999168e-01,1.068476300195730699e+00
5.975975975975975629e+00,9.998336657493112067e-01,1.078051461432536495e+00
5.995995995995995642e+00,9.998332524972879387e-01,1.087981463996855247e+00
6.016016016016017431e+00,9.998325651359836197e-01,1.098282105582099266e+00
6.036036036036037444e+00,9.998316150252584134e-01,1.108970948838216897e+00
6.056056056056057457e+00,9.998304101118649090e-01,1.120067406612985428e+00
6.076076076076077470e+00,9.998289553103800742e-01,1.131592859614239055e+00
6.096096096096097483e+00,9.998272527822020805e-01,1.143570806599358614e+00
6.116116116116117496e+00,9.998253021301205523e-01,1.156027048521245604e+00
6.136136136136137509e+00,9.998231005210251876e-01,1.168989909304637198e+00
6.156156156156157522e+00,9.998206427451568068e-01,1.182490497186198697e+00
6.176176176176177535e+00,9.998179212171727226e-01,1.196563011904033358e+00
6.196196196196197548e+00,9.998149259214853535e-01,1.211245104548628104e+00
6.216216216216217560e+00,9.998116443018341126e-01,1.226578298674287248e+00
6.236236236236237573e+00,9.998080610927195799e-01,1.242608483420016174e+00
6.256256256256257586e+00,9.998041580877239376e-01,1.259386492026988158e+00
6.276276276276277599e+00,9.997999138370921024e-01,1.276968782427099214e+00
6.296296296296297612e+00,9.997953032637312276e-01,1.295418240723458903e+00
6.316316316316317625e+00,9.997902971828733776e-01,1.314805133669053827e+00
6.336336336336337638e+00,9.997848617058873177e-01,1.335208243052124377e+00
6.356356356356357651e+00,9.997789575023983133e-01,1.356716223733273052e+00
6.376376376376377664e+00,9.997725388868254903e-01,1.379429238664989343e+00
6.396396396396397677e+00,9.997655526845184992e-01,1.403460939560288834e+00
6.416416416416417690e+00,9.997579368181315207e-01,1.428940882381156241e+00
6.436436436436437702e+00,9.997496185347632958e-01,1.456017494520930766e+00
6.456456456456457715e+00,9.997405121667661820e-01,1.484861748410579940e+00
6.476476476476477728e+00,9.997305162800276257e-01,1.515671748633279581e+00
6.496496496496497741e+00,9.997195100080387142e-01,1.548678512989381861e+00
6.516516516516517754e+00,9.997073482896032814e-01,1.584153332195660013e+00
6.536536536536537767e+00,9.996938556097018092e-01,1.622417243321351732e+00
6.556556556556557780e+00,9.996788176658553127e-01,1.663853372773863137e+00
6.576576576576577793e+00,9.996619701115823098e-01,1.708923234495406840e+00
6.596596596596597806e+00,9.996429831064492788e-01,1.758188572054157683e+00
6.616616616616617819e+00,9.996214397273222030e-01,1.812341117808261126e+00
6.636636636636637832e+00,9.995968051887211825e-01,1.872243896718803979e+00
6.656656656656657844e+00,9.995683819494375344e-01,1.938989765119983444e+00
6.676676676676677857e+00,9.995352425132082441e-01,2.013986375786412264e+00
6.696696696696697870e+00,9.994961257943694166e-01,2.099082921159043824e+00
6.716716716716717883e+00,9.994492716525507081e-01,2.196765306561852871e+00
6.736736736736737896e+00,9.993921456904173439e-01,2.310468159719831771e+00
6.756756756756757909e+00,9.993209586175535453e-01,2.445096427425445640e+00
6.776776776776777922e+00,9.992297753179788522e-01,2.607946128461687163e+00
6.796796796796797935e+00,9.991087359233694620e-01,2.810443814577441302e+00
6.816816816816817948e+00,9.989401470365556479e-01,3.071731970341074369e+00
6.836836836836837961e+00,9.986887146507023028e-01,3.426973966207327749e+00
6.856856856856857974e+00,9.982722139207871326e-01,3.950062600284902636e+00
6.876876876876877986e+00,9.974436398960664363e-01,4.834167177763915468e+00
6.896896896896897999e+00,9.949522415533156305e-01,6.862316212175034735e+00
6.916916916916918012e+00,8.193388085654245432e-05,5.873257504427625841e-01
6.936936936936938025e+00,1.118616141737332590e-08,1.839622487350821550e-03
6.956956956956958038e+00,1.356197413820410765e-09,6.447498317718509562e-04
6.976976976976978051e+00,3.440418110455371461e-10,3.498154460790655154e-04
6.996996996996998064e+00,1.205300269723169458e-10,2.272044958612020628e-04
7.017017017017018077e+00,5.082475788087723417e-11,1.628840210610958683e-04
7.037037037037038090e+00,2.420697315415121115e-11,1.243034387641845772e-04
7.057057057057058103e+00,1.257502302005042465e-11,9.904270163555136731e-05
7.077077077077078116e+00,6.973959984370255418e-12,8.144647880999899311e-05
7.097097097097098128e+00,4.071118523924824017e-12,6.861028266525919580e-05
7.117117117117118141e+00,2.477035203160089414e-12,5.890563992506176529e-05
7.137137137137138154e+00,1.559637418555206974e-12,5.135626389030828102e-05
7.157157157157158167e+00,1.010764815510761308e-12,4.534506863754332866e-05
7.177177177177178180e+00,6.714389645320578517e-13,4.046492148726363476e-05
7.197197197197198193e+00,4.556883308136999872e-13,3.643750626787294419e-05
7.217217217217218206e+00,3.151286489618119638e-13,3.306679693095993525e-05
7.237237237237238219e+00,2.215794203232933030e-13,3.021116082375268066e-05
7.257257257257258232e+00,1.581305681933492550e-13,2.776598638968788506e-05
7.277277277277278245e+00,1.143656332616774496e-13,2.565250649466776147e-05
7.297297297297298257e+00,8.371746566374653467e-14,2.381040107876924040e-05
7.317317317317318270e+00,6.195902152572920772e-14,2.219277781809255459e-05
7.337337337337338283e+00,4.631831920510695749e-14,2.076269048520815619e-05
7.357357357357358296e+00,3.494666881764382606e-14,1.949067602084135131e-05
7.377377377377378309e+00,2.659210062768485322e-14,1.835298126330600228e-05
7.397397397397398322e+00,2.039479942365838910e-14,1.733026574756578355e-05
7.417417417417418335e+00,1.575663277463607806e-14,1.640663896967921537e-05
7.437437437437438348e+00,1.225655277479487510e-14,1.556893641994139602e-05
7.457457457457458361e+00,9.594905229339826386e-15,1.480616857496169362e-05
7.477477477477478374e+00,7.556253050929984089e-15,1.410909686481913062e-05
7.497497497497498387e+00,5.984236206544680650e-15,1.346990401118528404e-05
7.517517517517518399e+00,4.764366112273682964e-15,1.288193530549125870e-05
7.537537537537538412e+00,3.812118116784912628e-15,1.233949377760650180e-05
7.557557557557558425e+00,3.064604333675566585e-15,1.183767670494778281e-05
7.577577577577578438e+00,2.474693227767140445e-15,1.137224412434700114e-05
7.597597597597598451e+00,2.006818877366616581e-15,1.093951232934641888e-05
7.617617617617618464e+00,1.633968612361863609e-15,1.053626702986237098e-05
7.637637637637638477e+00,1.335500076322359345e-15,1.015969210089571536e-05
7.657657657657658490e+00,1.095547199658031889e-15,9.807310777608599654e-06
7.677677677677678503e+00,9.018477637381947554e-16,9.476936853319978995e-06
7.697697697697698516e+00,7.448751286923655029e-16,9.166633966768679230e-06
7.717717717717718529e+00,6.171910261240085490e-16,8.874681469600351051e-06
7.737737737737738541e+00,5.129601467020939466e-16,8.599545676353690133e-06
7.757757757757758554e+00,4.275839318009562534e-16,8.339855540460827061e-06
7.777777777777778567e+00,3.574227461029453783e-16,8.094381987967948534e-06
7.797797797797798580e+00,2.995839734215272955e-16,7.862020288426358454e-06
7.817817817817818593e+00,2.517595674803531743e-16,7.641774959096413259e-06
7.837837837837838606e+00,2.121009071816295136e-16,7.432746791304130582e-06
7.857857857857858619e+00,1.791219389493469609e-16,7.234121661830517101e-06
7.877877877877878632e+00,1.516238763229794243e-16,7.045160851660668209e-06
7.897897897897898645e+00,1.286364072350472962e-16,6.865192642388517206e-06
7.917917917917918658e+00,1.093716006303450237e-16,6.693604999463658833e-06
7.937937937937938671e+00,9.318762601533291203e-17,6.529839183141819659e-06
7.957957957957958683e+00,7.956008789774648028e-17,6.373384153910342144e-06
7.977977977977978696e+00,6.805929365189348066e-17,6.223771660444044877e-06
7.997997997997998709e+00,5.833216287884595902e-17,6.080571915699331303e-06
8.018018018018018722e+00,5.008778143619471278e-17,5.943389781287064354e-06
8.038038038038038735e+00,4.308582788324020222e-17,5.811861392340140398e-06
8.058058058058058748e+00,3.712727172210636600e-17,5.685651165162334107e-06
8.078078078078078761e+00,3.204687453833335469e-17,5.564449138371255160e-06
8.098098098098098774e+00,2.770712664350091039e-17,5.447968605322998771e-06
8.118118118118118787e+00,2.399333033589709135e-17,5.335944001564042492e-06
8.138138138138138800e+00,2.080960185624755933e-17,5.228129016089474825e-06
8.158158158158158813e+00,1.807561161965852907e-17,5.124294899451231000e-06
8.178178178178178825e+00,1.572391945254683538e-17,5.024228945383863866e-06
8.198198198198198838e+00,1.369779071085940808e-17,4.927733125702948455e-06
8.218218218218218851e+00,1.194940210138638295e-17,4.834622860869041161e-06
8.238238238238238864e+00,1.043836414863618155e-17,4.744725910869507103e-06
8.258258258258258877e+00,9.130501604282895082e-18,4.657881373010553178e-06
8.278278278278278890e+00,7.996844501408429029e-18,4.573938774881639107e-06
8.298298298298298903e+00,7.012791643957387399e-18,4.492757252195176655e-06
8.318318318318318916e+00,6.157415584149826748e-18,4.414204802450226251e-06
8.338338338338338929e+00,5.412883959793694852e-18,4.338157606448479362e-06
8.358358358358358942e+00,4.763976738698046455e-18,4.264499410628449929e-06
8.378378378378378954e+00,4.197682683318046012e-18,4.193120963999854263e-06
8.398398398398398967e+00,3.702861389868577392e-18,4.123919504171648731e-06
8.418418418418418980e+00,3.269959717954822528e-18,4.056798287588915846e-06
8.438438438438438993e+00,2.890773424393711833e-18,3.991666159638137680e-06
8.458458458458459006e+00,2.558246439629540751e-18,3.928437160757556263e-06
8.478478478478479019e+00,2.266301549587286197e-18,3.867030165108832340e-06
8.498498498498499032e+00,2.009697327839714658e-18,3.807368548735172088e-06
8.518518518518519045e+00,1.783907048861607524e-18,3.749379884456644703e-06
8.538538538538539058e+00,1.585016039981443147e-18,3.692995661040609173e-06
8.558558558558559071e+00,1.409634527199051089e-18,3.638151024439492321e-06
8.578578578578579084e+00,1.254823522293450255e-18,3.584784539113248196e-06
8.598598598598599096e+00,1.118031704947267434e-18,3.532837967653665125e-06
8.618618618618619109e+00,9.970415896104372180e-19,3.482256067105172774e-06
8.638638638638639122e+00,8.899235452006621962e-19,3.432986400534907449e-06
8.658658658658659135e+00,7.949964667916253075e-19,3.384979162545419971e-06
8.678678678678679148e+00,7.107940905598295979e-19,3.338187017549228327e-06
8.698698698698699161e+00,6.360361032840309377e-19,3.292564949736573336e-06
8.718718718718719174e+00,5.696033312079463930e-19,3.248070123768270758e-06
8.738738738738739187e+00,5.105164046630202749e-19,3.204661755315567066e-06
8.758758758758759200e+00,4.579173882576366995e-19,3.162300990649610510e-06
8.778778778778779213e+00,4.110539447583448422e-19,3.120950794555757242e-06
8.798798798798799226e+00,3.692656665574065140e-19,3.080575845913094883e-06
8.818818818818819238e+00,3.319722639354742304e-19,3.041142440338352171e-06
8.838838838838839251e+00,2.986633459196366197e-19,3.002618399346248214e-06
8.858858858858859264e+00,2.688895688389535411e-19,2.964972985526149903e-06
8.878878878878879277e+00,2.422549608800806847e-19,2.928176823278067439e-06
8.898898898898899290e+00,2.184102590314878832e-19,2.892201824690000526e-06
8.918918918918919303e+00,1.970471185969577814e-19,2.857021120174057948e-06
8.938938938938939316e+00,1.778930756412278341e-19,2.822608993510755568e-06
8.958958958958959329e+00,1.607071598734192108e-19,2.788940820979950570e-06
8.978978978978979342e+00,1.452760700540434786e-19,2.755993014283301417e-06
8.998998998998999355e+00,1.314108364278192295e-19,2.723742966987092461e-06
9.019019019019019368e+00,1.189439052717711086e-19,2.692169004236082944e-06
9.039039039039039380e+00,1.077265896866695542e-19,2.661250335508953492e-06
9.059059059059059393e+00,9.762683848578967738e-20,2.630967010204015787e-06
9.079079079079079406e+00,8.852728164664040457e-20,2.601299875860389019e-06
9.099099099099099419e+00,8.032351645614324950e-20,2.572230538834940008e-06
9.119119119119119432e+00,7.292260333887868435e-20,2.543741327269111243e-06
9.139139139139139445e+00,6.624174453074545971e-20,2.515815256192350576e-06
9.159159159159159458e+00,6.020712234767983051e-20,2.488435994620417846e-06
9.179179179179179471e+00,5.475287688645096122e-20,2.461587834517485448e-06
9.199199199199199484e+00,4.982020565448953984e-20,2.435255661500571266e-06
9.219219219219219497e+00,4.535656991984486479e-20,2.409424927173856547e-06
9.239239239239239510e+00,4.131499455304605813e-20,2.384081622988536371e-06
9.259259259259259522e+00,3.765344984445049515e-20,2.359212255531458423e-06
9.279279279279279535e+00,3.433430526157009115e-20,2.334803823152665480e-06
9.299299299299299548e+00,3.132384639331058910e-20,2.310843793848359301e-06
9.319319319319319561e+00,2.859184743969288813e-20,2.287320084321674430e-06
9.339339339339339574e+00,2.611119257014145154e-20,2.264221040149060801e-06
9.359359359359359587e+00,2.385754031107228818e-20,2.241535416985050813e-06
9.379379379379379600e+00,2.180902585165971729e-20,2.219252362742824034e-06
9.399399399399399613e+00,1.994599679020248029e-20,2.197361400692226744e-06
9.419419419419419626e+00,1.825077839522321101e-20,2.175852413420821913e-06
9.439439439439439639e+00,1.670746493633586582e-20,2.154715627607230223e-06
9.459459459459459651e+00,1.530173405943408682e-20,2.133941599559348622e-06
9.479479479479479664e+00,1.402068154706094082e-20,2.113521201473183843e-06
9.499499499499499677e+00,1.285267412492547757e-20,2.093445608370905138e-06
9.519519519519519690e+00,1.178721825549961073e-20,2.073706285679453383e-06
9.539539539539539703e+00,1.081484310469093602e-20,2.054294977413450184e-06
9.559559559559559716e+00,9.926996082278329689e-21,2.035203694928557399e-06
9.579579579579579729e+00,9.115949545018782504e-21,2.016424706213511937e-06
9.599599599599599742e+00,8.374717416491196733e-21,1.997950525691086312e-06
9.619619619619619755e+00,7.696980622770423772e-21,1.979773904500088966e-06
9.639639639639639768e+00,7.077020370470778701e-21,1.961887821232217878e-06
9.659659659659659781e+00,6.509658405786320946e-21,1.944285473099235301e-06
9.679679679679679793e+00,5.990203491801386712e-21,1.926960267507369248e-06
9.699699699699699806e+00,5.514403428232110940e-21,1.909905814017299632e-06
9.719719719719719819e+00,5.078402014340543324e-21,1.893115916669367002e-06
9.739739739739739832e+00,4.678700423310804384e-21,1.876584566654836386e-06
9.759759759759759845e+00,4.312122515998797927e-21,1.860305935315233725e-06
9.779779779779779858e+00,3.975783674629311645e-21,1.844274367452784158e-06
9.799799799799799871e+00,3.667062783561823955e-21,1.828484374935986240e-06
9.819819819819819884e+00,3.383577025418270464e-21,1.812930630585312026e-06
9.839839839839839897e+00,3.123159197304129735e-21,1.797607962324834627e-06
9.859859859859859910e+00,2.883837284129317740e-21,1.782511347586445227e-06
9.879879879879879923e+00,2.663816054636450082e-21,1.767635907954047666e-06
9.899899899899899935e+00,2.461460471110219211e-21,1.752976904035854756e-06
9.919919919919919948e+00,2.275280726249832740e-21,1.738529730553549813e-06
9.939939939939939961e+00,2.103918740673575556e-21,1.724289911637728232e-06
9.959959959959959974e+00,1.946135972282637250e-21,1.710253096319598090e-06
9.979979979979979987e+00,1.800802404499354987e-21,1.696415054209487710e-06
1.000000000000000000e+01,1.666886594439803198e-21,1.682771671353206651e-06
